{"is_source_file": false, "format": "", "description": "", "external_files": [], "external_methods": [], "published": [], "classes": [], "methods": [], "calls": [], "search-terms": ["CSS", "styles", "theme", ":root", "App", "theme-toggle"], "state": 2, "file_id": 6, "knowledge_revision": 14, "git_revision": "df4e6faa9ef0c2e83e6a1d76360ddc2382b73bed", "hash": "22f9e17cc1848b56dbb244518ac2707e", "format-version": 4, "code-base-name": "to_do_frontend", "filename": "to_do_frontend/src/App.css", "revision_history": [{"14": "df4e6faa9ef0c2e83e6a1d76360ddc2382b73bed"}]}