{"is_source_file": false, "format": "", "description": "", "external_files": [], "external_methods": [], "published": [], "classes": [], "methods": [], "calls": [], "search-terms": [], "state": 2, "file_id": 9, "knowledge_revision": 17, "git_revision": "df4e6faa9ef0c2e83e6a1d76360ddc2382b73bed", "hash": "d9d975cebe2ec20b6c652e1e4c12ccf0", "format-version": 4, "code-base-name": "to_do_frontend", "filename": "to_do_frontend/public/manifest.json", "revision_history": [{"17": "df4e6faa9ef0c2e83e6a1d76360ddc2382b73bed"}]}