{"is_source_file": true, "format": "JavaScript module (.mjs)", "description": "ESLint configuration file for a JavaScript/React project, defining linting rules, plugins, parser options, and global variables.", "external_files": ["@eslint/js", "eslint-plugin-react"], "external_methods": ["pluginJs", "pluginReact"], "published": [], "classes": [], "methods": [{"name": "default", "description": "Exports an array of ESLint configuration objects and plugin configurations."}], "calls": ["pluginJs", "pluginReact.configs.recommended"], "search-terms": ["eslint", "eslint-plugin-react", "eslint.config.mjs", "eslint", "rules", "parserOptions", "globals"], "state": 2, "file_id": 11, "knowledge_revision": 22, "git_revision": "df4e6faa9ef0c2e83e6a1d76360ddc2382b73bed", "hash": "be6538e7523bc2e9da0743133d784136", "format-version": 4, "code-base-name": "to_do_frontend", "filename": "to_do_frontend/eslint.config.mjs", "revision_history": [{"22": "df4e6faa9ef0c2e83e6a1d76360ddc2382b73bed"}]}