{"is_source_file": false, "format": "", "description": "", "external_files": [], "external_methods": [], "published": [], "classes": [], "methods": [], "calls": [], "search-terms": [], "state": 2, "file_id": 5, "knowledge_revision": 15, "git_revision": "df4e6faa9ef0c2e83e6a1d76360ddc2382b73bed", "hash": "6c2104b8d219ed99234ae2d6329f4357", "format-version": 4, "code-base-name": "to_do_frontend", "filename": "to_do_frontend/src/index.css", "revision_history": [{"15": "df4e6faa9ef0c2e83e6a1d76360ddc2382b73bed"}]}