{"is_source_file": false, "format": "", "description": "", "external_files": [], "external_methods": [], "published": [], "classes": [], "methods": [], "calls": [], "search-terms": [], "state": 2, "file_id": 10, "knowledge_revision": 16, "git_revision": "df4e6faa9ef0c2e83e6a1d76360ddc2382b73bed", "hash": "d2b40d02d5f7873d8a6713bad837edd4", "format-version": 4, "code-base-name": "to_do_frontend", "filename": "to_do_frontend/public/index.html", "revision_history": [{"16": "df4e6faa9ef0c2e83e6a1d76360ddc2382b73bed"}]}