{"is_source_file": false, "format": "", "description": "", "external_files": [], "external_methods": [], "published": [], "classes": [], "methods": [], "calls": [], "search-terms": [], "state": 2, "file_id": 1, "knowledge_revision": 23, "git_revision": "df4e6faa9ef0c2e83e6a1d76360ddc2382b73bed", "ctags": [], "hash": "1a77571e1a8cf36018a41bcedf60db75", "format-version": 4, "code-base-name": "to_do_frontend", "filename": "to_do_frontend/src/setupTests.js", "revision_history": [{"23": "df4e6faa9ef0c2e83e6a1d76360ddc2382b73bed"}]}