{"is_source_file": false, "format": "", "description": "", "external_files": [], "external_methods": [], "published": [], "classes": [], "methods": [], "calls": [], "search-terms": [], "state": 2, "file_id": 7, "knowledge_revision": 20, "git_revision": "df4e6faa9ef0c2e83e6a1d76360ddc2382b73bed", "hash": "ebece526bc2eadd78ddd787a76c56607", "format-version": 4, "code-base-name": "to_do_frontend", "filename": "to_do_frontend/README.md", "revision_history": [{"20": "df4e6faa9ef0c2e83e6a1d76360ddc2382b73bed"}]}