{"is_source_file": true, "format": "JavaScript", "description": "This file is the entry point for a React application, responsible for rendering the main App component into the DOM.", "external_files": ["./index.css", "./App"], "external_methods": ["ReactDOM.createRoot", "root.render"], "published": [], "classes": [], "methods": [{"name": "ReactDOM.createRoot", "description": "Creates a root for rendering React components into a DOM element."}, {"name": "root.render", "description": "Renders the specified React component into the root."}], "calls": ["ReactDOM.createRoot", "root.render", "React.StrictMode", "App"], "search-terms": ["React", "ReactDOM", "index.js", "ReactDOM.createRoot", "root.render", "Main rendering", "entry point"], "state": 2, "file_id": 3, "knowledge_revision": 24, "git_revision": "df4e6faa9ef0c2e83e6a1d76360ddc2382b73bed", "ctags": [{"_type": "tag", "name": "root", "path": "/home/kavia/workspace/code-generation/task-management-system-320766-320782/to_do_frontend/src/index.js", "pattern": "/^const root = ReactDOM.createRoot(document.getElementById('root'));$/", "language": "JavaScript", "kind": "constant"}], "hash": "9fc5841375336fc175b49f8767a11383", "format-version": 4, "code-base-name": "to_do_frontend", "filename": "to_do_frontend/src/index.js", "revision_history": [{"24": "df4e6faa9ef0c2e83e6a1d76360ddc2382b73bed"}]}