{"is_source_file": true, "format": "JavaScript (React JSX)", "description": "This file defines a React functional component called App that manages a theme toggle between light and dark modes. It includes state management with useState, side effects with useEffect, and renders UI elements including a button, image, and links.", "external_files": ["./logo.svg", "./App.css"], "external_methods": ["React.useState", "React.useEffect"], "published": ["App"], "classes": [], "methods": [{"name": "App()", "description": "Main React functional component that renders the application's interface and manages theme state.", "scope": "", "scopeKind": ""}, {"name": "toggleTheme", "description": "Handles toggling between light and dark themes when the button is clicked."}], "calls": ["React.useState", "React.useEffect", "document.documentElement.setAttribute", "setTheme", "prevTheme => prevTheme === 'light' ? 'dark' : 'light'", "document.querySelector", "logo", "alert", "console.log"], "search-terms": ["React App component", "theme toggle", "useState", "useEffect", "dark mode", "light mode"], "state": 2, "file_id": 2, "knowledge_revision": 25, "git_revision": "df4e6faa9ef0c2e83e6a1d76360ddc2382b73bed", "ctags": [{"_type": "tag", "name": "App", "path": "/home/kavia/workspace/code-generation/task-management-system-320766-320782/to_do_frontend/src/App.js", "pattern": "/^function App() {$/", "language": "JavaScript", "kind": "function", "signature": "()"}, {"_type": "tag", "name": "Switch to ${theme === 'light' ? 'dark' : 'light'} mode", "path": "/home/kavia/workspace/code-generation/task-management-system-320766-320782/to_do_frontend/src/App.js", "pattern": "/^          aria-label={`Switch to ${theme === 'light' ? 'dark' : 'light'} mode`}$/", "language": "JavaScript", "kind": "field", "scope": "App.aria", "scopeKind": "class"}, {"_type": "tag", "name": "toggleTheme", "path": "/home/kavia/workspace/code-generation/task-management-system-320766-320782/to_do_frontend/src/App.js", "pattern": "/^          onClick={toggleTheme}$/", "language": "JavaScript", "kind": "field", "scope": "App.onClick", "scopeKind": "class"}], "hash": "b55dd9e6a018e59207d8e277dffd9e11", "format-version": 4, "code-base-name": "to_do_frontend", "filename": "to_do_frontend/src/App.js", "fields": [{"name": "aria-label={`Switch to ${theme === 'light' ? 'dark' : 'light'} mode`}", "scope": "App.aria", "scopeKind": "class", "description": "unavailable"}, {"name": "onClick={toggleTheme}", "scope": "App.onClick", "scopeKind": "class", "description": "unavailable"}], "revision_history": [{"25": "df4e6faa9ef0c2e83e6a1d76360ddc2382b73bed"}]}