{"is_source_file": false, "format": "", "description": "", "external_files": [], "external_methods": [], "published": [], "classes": [], "methods": [], "calls": [], "search-terms": [], "state": 2, "file_id": 8, "knowledge_revision": 19, "git_revision": "df4e6faa9ef0c2e83e6a1d76360ddc2382b73bed", "hash": "d001d53c059625c4bcf75bf5a7f3fcf0", "format-version": 4, "code-base-name": "to_do_frontend", "filename": "to_do_frontend/package.json", "revision_history": [{"19": "df4e6faa9ef0c2e83e6a1d76360ddc2382b73bed"}]}